First Last,First,Last,Company,Domain
Matthew Turnour,Matthew,Turnour,Neumann & Turnour Lawyers,www.ntlawyers.com.au
Michelle Waugh,Michelle,Waugh,Shine Lawyers,www.shine.com.au
John Bowman,John,Bowman,Colin Biggers & Paisley,www.cbp.com.au
Peggy Haines,Peggy,Haines,Herbert Smith Freehills,www.herbertsmithfreehills.com
Leigh Anderson,Leigh,Anderson,Maloney Anderson Legal,www.maloneyandersonlegal.com.au
Garry Beath,Garry,Beath,MinterEllison,www.minterellison.com
Brendan Pearce,Brendan,Pearce,Maguire and McInerney,www.mandm.net.au
Nick Symons,Nick,Symons,Symons Phillips Lawyers,www.symonsphillips.com.au
Hannelie Opperman,Hannelie,Opperman,Opperman Lawyers,www.oppermans.com.au
Martin Hunt,Martin,Hunt,Williams Hunt,www.williamshunt.com.au
Gary Kelly,Gary,Kelly,Kelly & Co. Lawyers,www.kellyco.com.au
Joanne Alllen,Joanne,Alllen,Allens,www.allens.com.au
Dean Groundwater,Dean,Groundwater,Warren McKeon Dickson Lawyers,www.wmdlaw.com.au
Peter Waters,Peter,Waters,Gilbert + Tobin,www.gtlaw.com.au
Carol Gedeon,Carol,Gedeon,Chancery Chambers,www.chancery.com.au
Robert Newton,Robert,Newton,Connor Hunter,www.connorhunter.com.au
Henry Davis,Henry,Davis,Henry Davis York,www.hdy.com.au
Ines Radmilovic,Ines,Radmilovic,Baker & McKenzie,www.bakermckenzie.com
David Bache,David,Bache,Kelly & Co. Lawyers,www.kellyco.com.au
Stephen Digby,,,Digby Law,www.digbylaw.com
