First Last,First,Last,Company,Domain
Adam Ly,Adam,Ly,LY Lawyers,www.lylawyers.com.au
Bruce Dawson,Bruce,Dawson,Dawson Solicitors,www.dawsonsolicitors.com.au
Fiona Reid,Fiona,Reid,Reid Family Lawyers,www.reidfamilylawyers.com.au
Ryan Cook,Ryan,Cook,Cooklegal,www.cooklegal.com.au
Steven Marshall,Steven,Marshall,Marshall Law,www.marshall-law.com.au
Tamira Stevensen,Tamira,Stevensen,Stevensen Business Lawyers,www.businesslawyers.com.au
Chris Hannay,Chris,Hannay,Hannay Lawyers,www.hannaylawyers.com.au
Andrew David,Andrew,David,David Legal,www.davidlegal.com.au
David Bowers,David,Bowers,Dillon Bowers Lawyers,www.dillonbowers.com
Mark Mendelawitz,Mark,Mendelawitz,Mendelawitz Morton,www.mmcl.com.au
Shane Mclean,Shane,Mclean,Whitsunday Law,www.whitsundaylaw.com.au
David Duncombe,David,Duncombe,Dignan & Hanrahan Solicitors,www.dignan.com.au
Alicia Campbell,Alicia,Campbell,Campbell Law Australia,www.campbelllaw.com.au
Alfio Borzi,Alfio,Borzi,Gayler Cleland Solicitors,www.gaylercleland.com.au
Gordon Yenkanna,Gordon,Yenkanna,Rebus Legal,www.rebuslegal.com.au
David Fleming,David,Fleming,HFM Legal,www.hfmlegal.com.au
Matt Mccormick,Matt,Mccormick,McCormicks Law,www.mccormicks.com.au
Reuben Mansour,Reuben,Mansour,Reuben George Lawyers,www.rglaw.com.au
Thomas Henry Bray,Thomas,Bray,Thomas Henry Bray Lawyer,www.thomasbray.com.au
Matt Selley,,,Iles Selley Lawyers,www.ilesselley.com.au
