First Last,First,Last,Company,Domain
Neal Morgan,Neal,Morgan,Vassey Dental Partners,www.vasseydentalpartners.com
Larry Levine,Larry,Levine,"Madison Dental Group, P.C",www.madisondental.com
Christy Haffner,Christy,Haffner,"Christy Haffner, D.M.D., P.C.",www.drchristyhaffner.com
Donna Hawks,Donna,Hawks,"Yosh Jefferson, Dmd",www.jeffersondental.com
James Turley,James,Turley,Turley Dental Care,www.turleydentalcare.com
Princy Rekhi,Princy,Rekhi,Highland Dental Center,www.highlanddentalcenter.net
Sudha Dusanapudi,Sudha,Dusanapudi,"R. Scott Anderson, Dmd And Richard H. Portalupi, Dds, Msd",www.creeksideortho.com
Jeffrey Rosenberg,Jeffrey,Rosenberg,Dental Healthcare Group,www.philadelphiasdentist.com
Magnus Arno Wilson,Magnus,Wilson,Cambridge Dental Center Pc,www.cambridgedentalgroup.com
Matthew Burt,Matthew,Burt,All Kids Dental Pediatrics and Orthodontics,www.akdsmiles.com
Tom Goodwin,Tom,Goodwin,Family Dental,www.familydentalfostercity.com
Michael Chen,Michael,Chen,"Meridian Dental, Pllc",www.meridian-dental.com
Robert Moretta,Robert,Moretta,"Robert J. Moretta, D.D.S",www.rmoretta.com
Mark Pokorney,Mark,Pokorney,Buffalo Dental Group,www.buffalodentalgroup.com
Jeff Holowicki,Jeff,Holowicki,Smiley Seikel Holowicki Dds,www.smileydentalgroup.com
Kyle Edlund,Kyle,Edlund,Woodbury Dental Care,www.woodburydentalcare.com
Ross Fuller,Ross,Fuller,"The Williamsburg Dental Group, Plc",www.williamsburgdentalgroup.com
Jason Kaplan,Jason,Kaplan,"Jason R. Kaplan, Dds, Ms, Llc",www.jkaplanortho.com
Jeff Behar,Jeff,Behar,"Jeffrey M Behar, DDS",www.behardental.com
Bob Steven Winkler,,,Esthetic Family Dentistry,www.outstandingsmile.com
