First Last,First,Last,Company,Domain
Tony Williams,Tony,Williams,Williams Hunt,www.williamshunt.com.au
Kazi A H S Ahsan,Kazi,Ahsan,eduaid - Immigration & Education Services,www.eduaid.net
John Denton,John,Denton,Corrs Chambers Westgarth,www.corrs.com.au
Jaime Jones,Jaime,Jones,Baker & McKenzie,www.bakermckenzie.com
David Johnson,David,Johnson,Johnson Lawyers,www.johnsonlaw.com.au
Martin Downing,Martin,Downing,HWL Ebsworth Lawyers Pty Ltd.,www.hwlebsworth.com.au
Karen Olsson,Karen,Olsson,Mellor Olsson,www.mellorolsson.com.au
David Newman,David,Newman,Maddocks Inc. Pty Ltd.,www.maddocks.com.au
Chris Paul,Chris,Paul,Caldwell Martin Cox,www.cmcox.com.au
Jemma Walsh,Jemma,Walsh,Herbert Smith Freehills,www.herbertsmithfreehills.com
Keith Leslie,Keith,Leslie,Davies Collison Cave,www.davies.com.au
Ron Smooker,Ron,Smooker,Clayton Utz,www.claytonutz.com
Kazi Ahs Ahsan,Kazi,Ahsan,eduaid - Immigration & Education Services,www.eduaid.net
Rick Allen,Rick,Allen,Allens,www.allens.com.au
Tony Anisimoff,Tony,Anisimoff,Anisimoff Legal,www.anisimoff.com.au
Gus Irdi,Gus,Irdi,IRDI Legal,www.irdi.com.au
William Bill Morris,William,Morris,Northside Lawyers,www.northsidelawyers.com.au
David Campbell,David,Campbell,Campbell Law Australia,www.campbelllaw.com.au
Stephen Friend,Stephen,Friend,Golja Haines & Friend,www.ghfip.com.au
Jenni Smith,,,Barrister,www.baltinos.com
