First Last,First,Last,Company,Domain
Phyllis Cook,Phyllis,Cook,"Phyllis B. Cook, DDS, MPH, PA",www.phylliscook.com
John Lazzara,John,Lazzara,Lazzara Orthodontics,www.beachesbraces.com
Jim Montgomery,Jim,Montgomery,"Emami Robert, DMD",www.dentalspecialties.com
Stuart Frost,Stuart,Frost,Frost Orthodontics,www.frostortho.com
Kelly Carrothers,Kelly,Carrothers,St Johns Family Dentistry,www.staugustinedentist.com
Lorie Baumgardner,Lorie,Baumgardner,Lorie M Baumgardner,www.loriebaumgardner.com
Tom Mazejy,Tom,Mazejy,Rochelle Dental Pc,www.rochelledental.com
John Altomare,John,Altomare,Smile Center of Orlando,www.smile-orlando.com
Wes Wieman,Wes,Wieman,Growing Smiles Dentistry,www.growingsmilesdentistry.com
Joe Lecompte,Joe,Lecompte,LeCompte Orthodontics,www.lecompteorthodontics.com
Michael Mccarthy,Michael,Mccarthy,"Birmingham Orthodontics, Pc",www.bhamorthodontics.com
Philip Kamins,Philip,Kamins,Pacific Palisades Dentistry,www.palismiles.com
Ensley Kevin,Ensley,Kevin,"Ensley Orthodontics, P.C",www.ensleyortho.com
Robert Simmons,Robert,Simmons,Fenton Family Dentistry,www.fenton-familydentistry.com
Stephen Hannon,Stephen,Hannon,Hannon Orthodontics,www.hannonorthodontics.com
Sherry Linane,Sherry,Linane,Von Goodin Dds Inc,www.vongoodin.com
Tom Boggs,Tom,Boggs,CTC Associates,www.ctc-associates.com
Vadim Rogelberg,Vadim,Rogelberg,Citysmiles,www.citysmiles.com.au
Tony Gadbois,Tony,Gadbois,"Cherry Hill Dental, Inc",www.cherryhilldentalonline.com
Kevin Molldrem,,,Molldrem Family Dentistry,www.molldremdentistry.com
