First Last,First,Last,Company,Domain
Jessica Silberstein,Jessica,Silberstein,Silberstein & Associates Pty Limited,www.silberstein.net.au
Paul Martinez,Paul,Martinez,wilson/ryan/grose Lawyers,www.wrg.com.au
Matt Morgan,Matt,Morgan,Morgan Alteruthemeyer,www.ma.legal
Graham Hill,Graham,Hill,Legal Aid Western Australia,www.legalaid.wa.gov.au
Philip Young,Philip,Young,Philip Young Legal,www.philipyounglegal.com.au
Jon Broadley,Jon,Broadley,Broadley Rees Hogan,www.brhlawyers.com.au
Rob Meers,Rob,Meers,Belbridge Hague Solicitors,www.bhlaw.com.au
Chris Finn,Chris,Finn,Finn Roache Lawyers,www.finns.com.au
Tony Symons,Tony,Symons,Clarendon Lawyers,www.clarendonlawyers.com.au
Michael O'brien,Michael,O'brien,Aitken Partners,www.aitken.com.au
Malcolm Mccolm,Malcolm,Mccolm,McColm Matsinger Lawyers,www.mmlaw.com.au
Scott Goodman Lawyer,Scott,Lawyer,Goodman Group Lawyers,www.goodmangroup.com.au
Geoff Adams,Geoff,Adams,Tri-meridian Corporate & Commercial Law,www.tri-meridian.com
Brendan Wyhoon,Brendan,Wyhoon,William James,www.williamjameslaw.com.au
Robin Young,Robin,Young,Holman Webb Lawyers,www.holmanwebb.com.au
Beach Thomas,Beach,Thomas,Thomas and Company,www.thomasandcompany.com.au
David Jones,David,Jones,Septimus Jones & Lee Solicitors,www.sjl.com.au
Ian Clairs,Ian,Clairs,Clairs Keeley,www.clairskeeley.com.au
Adrian Lynch,Adrian,Lynch,Nicholas O'Donohue & Co.,www.nodco.com.au
Frank Sabelberg,,,Sabelberg Morcos Lawyers,www.sabelbergs.com.au
