First Last,First,Last,Company,Domain
Will Mandrell,Will,Mandrell,Madecult,www.genuine-people.com
Jordan Klein,Jordan,Klein,"Park & Diamond, inc.",www.park-and-diamond.com
Tossy Radian,Tossy,Radian,LowyQ,www.lowyq.com
Gideon Bright,Gideon,Bright,dryrobe Ltd,www.dryrobe.com
Richa Kalra,Richa,Kalra,Candyskin,www.dryrobe.com
Sahar Wahbeh,Sahar,Wahbeh,Dumyé,www.dumye.com
Harsh Lal,Harsh,Lal,The Souled Store Pvt. Ltd.,www.thesouledstore.com
Wendy Parry,Wendy,Parry,Smart-Tees,www.smart-tees.co.uk
Lisa Mullan,Lisa,Mullan,Uwila Warrior,www.uwilawarrior.com
Therese Camille Metzler,Therese,Metzler,Trend Terrace,www.trendterrace.com
Arunabh Sinha,Arunabh,Sinha,UClean,www.uclean.in
Marty Litt,Marty,Litt,Pico Mfg Sales Corp.,www.picounderwear.com
Keith Nowak,Keith,Nowak,Ten Thousand,www.tenthousand.cc
Carmen Chen Wu,Carmen,Wu,Caraa,www.caraasport.com
Abdallah Alhariri,Abdallah,Alhariri,Annah Hariri,www.annahariri.com
Sydney Brown,Sydney,Brown,Sidney Brown LLC,www.sydney-brown.com
Leo Marangi,Leo,Marangi,Primo Fitness,www.sydney-brown.com
Rameswar Misra,Rameswar,Misra,BigPhi,www.bigphi.com
Melinda Looi,Melinda,Looi,Mellooi Creation Sdn Bhd,www.melindalooi.com
Litesh Gumber,,,QuadB Creations,www.quadb.in
